,Noise,Type,Collective,Provider,Instance Type,Nodes,Scenario,Time (us),Message Size
0,none,Simulated,binomialtreebcast,AWS,HPC (Metal),256,../../cloud_noise_data/aws_c5n.metal_cluster/2022_03_23_22_04_48,15033.5492,16777216
1,os,Simulated,binomialtreebcast,AWS,HPC (Metal),256,../../cloud_noise_data/aws_c5n.metal_cluster/2022_03_23_22_04_48,15033.5492,16777216
2,net,Simulated,binomialtreebcast,AWS,HPC (Metal),256,../../cloud_noise_data/aws_c5n.metal_cluster/2022_03_23_22_04_48,15410.796072,16777216
3,os+net,Simulated,binomialtreebcast,AWS,HPC (Metal),256,../../cloud_noise_data/aws_c5n.metal_cluster/2022_03_23_22_04_48,15272.029707,16777216
4,os,Simulated,binomialtreebcast,AWS,HPC (Metal),256,../../cloud_noise_data/aws_c5n.metal_cluster/2022_03_23_22_04_48,15033.5492,16777216
5,net,Simulated,binomialtreebcast,AWS,HPC (Metal),256,../../cloud_noise_data/aws_c5n.metal_cluster/2022_03_23_22_04_48,15507.074552,16777216
6,os+net,Simulated,binomialtreebcast,AWS,HPC (Metal),256,../../cloud_noise_data/aws_c5n.metal_cluster/2022_03_23_22_04_48,15646.786711,16777216
7,none,Simulated,nwaydissemination,AWS,HPC (Metal),256,../../cloud_noise_data/aws_c5n.metal_cluster/2022_03_23_22_04_48,132474.0612,16777216
8,os,Simulated,nwaydissemination,AWS,HPC (Metal),256,../../cloud_noise_data/aws_c5n.metal_cluster/2022_03_23_22_04_48,133379.37486,16777216
9,net,Simulated,nwaydissemination,AWS,HPC (Metal),256,../../cloud_noise_data/aws_c5n.metal_cluster/2022_03_23_22_04_48,133527.612316,16777216
10,os+net,Simulated,nwaydissemination,AWS,HPC (Metal),256,../../cloud_noise_data/aws_c5n.metal_cluster/2022_03_23_22_04_48,133852.800896,16777216
11,os,Simulated,nwaydissemination,AWS,HPC (Metal),256,../../cloud_noise_data/aws_c5n.metal_cluster/2022_03_23_22_04_48,133526.36431,16777216
12,net,Simulated,nwaydissemination,AWS,HPC (Metal),256,../../cloud_noise_data/aws_c5n.metal_cluster/2022_03_23_22_04_48,133408.339985,16777216
13,os+net,Simulated,nwaydissemination,AWS,HPC (Metal),256,../../cloud_noise_data/aws_c5n.metal_cluster/2022_03_23_22_04_48,134107.068526,16777216
14,none,Simulated,pipelinedring,AWS,HPC (Metal),256,../../cloud_noise_data/aws_c5n.metal_cluster/2022_03_23_22_04_48,10472.6656,16777216
15,os,Simulated,pipelinedring,AWS,HPC (Metal),256,../../cloud_noise_data/aws_c5n.metal_cluster/2022_03_23_22_04_48,10734.645957,16777216
16,net,Simulated,pipelinedring,AWS,HPC (Metal),256,../../cloud_noise_data/aws_c5n.metal_cluster/2022_03_23_22_04_48,10677.869662,16777216
17,os+net,Simulated,pipelinedring,AWS,HPC (Metal),256,../../cloud_noise_data/aws_c5n.metal_cluster/2022_03_23_22_04_48,11004.042047,16777216
18,os,Simulated,pipelinedring,AWS,HPC (Metal),256,../../cloud_noise_data/aws_c5n.metal_cluster/2022_03_23_22_04_48,10726.382509,16777216
19,net,Simulated,pipelinedring,AWS,HPC (Metal),256,../../cloud_noise_data/aws_c5n.metal_cluster/2022_03_23_22_04_48,10692.159232,16777216
20,os+net,Simulated,pipelinedring,AWS,HPC (Metal),256,../../cloud_noise_data/aws_c5n.metal_cluster/2022_03_23_22_04_48,10971.550876,16777216
21,none,Simulated,binomialtreebcast,AWS,HPC (Metal),1024,../../cloud_noise_data/aws_c5n.metal_cluster/2022_03_23_22_04_48,18791.9365,16777216
22,os,Simulated,binomialtreebcast,AWS,HPC (Metal),1024,../../cloud_noise_data/aws_c5n.metal_cluster/2022_03_23_22_04_48,18791.9365,16777216
23,net,Simulated,binomialtreebcast,AWS,HPC (Metal),1024,../../cloud_noise_data/aws_c5n.metal_cluster/2022_03_23_22_04_48,19606.628119,16777216
24,os+net,Simulated,binomialtreebcast,AWS,HPC (Metal),1024,../../cloud_noise_data/aws_c5n.metal_cluster/2022_03_23_22_04_48,19186.41107,16777216
25,os,Simulated,binomialtreebcast,AWS,HPC (Metal),1024,../../cloud_noise_data/aws_c5n.metal_cluster/2022_03_23_22_04_48,18791.9365,16777216
26,net,Simulated,binomialtreebcast,AWS,HPC (Metal),1024,../../cloud_noise_data/aws_c5n.metal_cluster/2022_03_23_22_04_48,19543.8537,16777216
27,os+net,Simulated,binomialtreebcast,AWS,HPC (Metal),1024,../../cloud_noise_data/aws_c5n.metal_cluster/2022_03_23_22_04_48,19422.176041,16777216
28,none,Simulated,nwaydissemination,AWS,HPC (Metal),1024,../../cloud_noise_data/aws_c5n.metal_cluster/2022_03_23_22_04_48,169786.8805,16777216
29,os,Simulated,nwaydissemination,AWS,HPC (Metal),1024,../../cloud_noise_data/aws_c5n.metal_cluster/2022_03_23_22_04_48,170959.693573,16777216
30,net,Simulated,nwaydissemination,AWS,HPC (Metal),1024,../../cloud_noise_data/aws_c5n.metal_cluster/2022_03_23_22_04_48,171335.1702,16777216
31,os+net,Simulated,nwaydissemination,AWS,HPC (Metal),1024,../../cloud_noise_data/aws_c5n.metal_cluster/2022_03_23_22_04_48,171722.749659,16777216
32,os,Simulated,nwaydissemination,AWS,HPC (Metal),1024,../../cloud_noise_data/aws_c5n.metal_cluster/2022_03_23_22_04_48,171046.56199,16777216
33,net,Simulated,nwaydissemination,AWS,HPC (Metal),1024,../../cloud_noise_data/aws_c5n.metal_cluster/2022_03_23_22_04_48,171433.828113,16777216
34,os+net,Simulated,nwaydissemination,AWS,HPC (Metal),1024,../../cloud_noise_data/aws_c5n.metal_cluster/2022_03_23_22_04_48,171545.984195,16777216
35,none,Simulated,pipelinedring,AWS,HPC (Metal),1024,../../cloud_noise_data/aws_c5n.metal_cluster/2022_03_23_22_04_48,36354.18112,16777216
36,os,Simulated,pipelinedring,AWS,HPC (Metal),1024,../../cloud_noise_data/aws_c5n.metal_cluster/2022_03_23_22_04_48,37093.998796,16777216
37,net,Simulated,pipelinedring,AWS,HPC (Metal),1024,../../cloud_noise_data/aws_c5n.metal_cluster/2022_03_23_22_04_48,36949.67304,16777216
38,os+net,Simulated,pipelinedring,AWS,HPC (Metal),1024,../../cloud_noise_data/aws_c5n.metal_cluster/2022_03_23_22_04_48,37239.404206,16777216
39,os,Simulated,pipelinedring,AWS,HPC (Metal),1024,../../cloud_noise_data/aws_c5n.metal_cluster/2022_03_23_22_04_48,37032.145977,16777216
40,net,Simulated,pipelinedring,AWS,HPC (Metal),1024,../../cloud_noise_data/aws_c5n.metal_cluster/2022_03_23_22_04_48,36827.312431,16777216
41,os+net,Simulated,pipelinedring,AWS,HPC (Metal),1024,../../cloud_noise_data/aws_c5n.metal_cluster/2022_03_23_22_04_48,37533.804428,16777216
42,none,Simulated,binomialtreebcast,AWS,Normal,256,../../cloud_noise_data/aws-normal_c5.18xlarge_cluster/2022_03_26_10_07_26,15033.5492,16777216
43,os,Simulated,binomialtreebcast,AWS,Normal,256,../../cloud_noise_data/aws-normal_c5.18xlarge_cluster/2022_03_26_10_07_26,15033.5492,16777216
44,net,Simulated,binomialtreebcast,AWS,Normal,256,../../cloud_noise_data/aws-normal_c5.18xlarge_cluster/2022_03_26_10_07_26,16222.101044,16777216
45,os+net,Simulated,binomialtreebcast,AWS,Normal,256,../../cloud_noise_data/aws-normal_c5.18xlarge_cluster/2022_03_26_10_07_26,16229.702068,16777216
46,os,Simulated,binomialtreebcast,AWS,Normal,256,../../cloud_noise_data/aws-normal_c5.18xlarge_cluster/2022_03_26_10_07_26,15033.5492,16777216
47,net,Simulated,binomialtreebcast,AWS,Normal,256,../../cloud_noise_data/aws-normal_c5.18xlarge_cluster/2022_03_26_10_07_26,16518.996415,16777216
48,os+net,Simulated,binomialtreebcast,AWS,Normal,256,../../cloud_noise_data/aws-normal_c5.18xlarge_cluster/2022_03_26_10_07_26,16518.996415,16777216
49,none,Simulated,nwaydissemination,AWS,Normal,256,../../cloud_noise_data/aws-normal_c5.18xlarge_cluster/2022_03_26_10_07_26,132474.0612,16777216
50,os,Simulated,nwaydissemination,AWS,Normal,256,../../cloud_noise_data/aws-normal_c5.18xlarge_cluster/2022_03_26_10_07_26,133828.14216,16777216
51,net,Simulated,nwaydissemination,AWS,Normal,256,../../cloud_noise_data/aws-normal_c5.18xlarge_cluster/2022_03_26_10_07_26,134242.055498,16777216
52,os+net,Simulated,nwaydissemination,AWS,Normal,256,../../cloud_noise_data/aws-normal_c5.18xlarge_cluster/2022_03_26_10_07_26,134861.423569,16777216
53,os,Simulated,nwaydissemination,AWS,Normal,256,../../cloud_noise_data/aws-normal_c5.18xlarge_cluster/2022_03_26_10_07_26,133369.76824,16777216
54,net,Simulated,nwaydissemination,AWS,Normal,256,../../cloud_noise_data/aws-normal_c5.18xlarge_cluster/2022_03_26_10_07_26,134215.793141,16777216
55,os+net,Simulated,nwaydissemination,AWS,Normal,256,../../cloud_noise_data/aws-normal_c5.18xlarge_cluster/2022_03_26_10_07_26,135038.790708,16777216
56,none,Simulated,pipelinedring,AWS,Normal,256,../../cloud_noise_data/aws-normal_c5.18xlarge_cluster/2022_03_26_10_07_26,10472.6656,16777216
57,os,Simulated,pipelinedring,AWS,Normal,256,../../cloud_noise_data/aws-normal_c5.18xlarge_cluster/2022_03_26_10_07_26,10667.766876,16777216
58,net,Simulated,pipelinedring,AWS,Normal,256,../../cloud_noise_data/aws-normal_c5.18xlarge_cluster/2022_03_26_10_07_26,12511.46286,16777216
59,os+net,Simulated,pipelinedring,AWS,Normal,256,../../cloud_noise_data/aws-normal_c5.18xlarge_cluster/2022_03_26_10_07_26,10995.755425,16777216
60,os,Simulated,pipelinedring,AWS,Normal,256,../../cloud_noise_data/aws-normal_c5.18xlarge_cluster/2022_03_26_10_07_26,10576.064898,16777216
61,net,Simulated,pipelinedring,AWS,Normal,256,../../cloud_noise_data/aws-normal_c5.18xlarge_cluster/2022_03_26_10_07_26,10876.173632,16777216
62,os+net,Simulated,pipelinedring,AWS,Normal,256,../../cloud_noise_data/aws-normal_c5.18xlarge_cluster/2022_03_26_10_07_26,11018.022075,16777216
63,none,Simulated,binomialtreebcast,AWS,Normal,1024,../../cloud_noise_data/aws-normal_c5.18xlarge_cluster/2022_03_26_10_07_26,18791.9365,16777216
64,os,Simulated,binomialtreebcast,AWS,Normal,1024,../../cloud_noise_data/aws-normal_c5.18xlarge_cluster/2022_03_26_10_07_26,18791.9365,16777216
65,net,Simulated,binomialtreebcast,AWS,Normal,1024,../../cloud_noise_data/aws-normal_c5.18xlarge_cluster/2022_03_26_10_07_26,19469.351507,16777216
66,os+net,Simulated,binomialtreebcast,AWS,Normal,1024,../../cloud_noise_data/aws-normal_c5.18xlarge_cluster/2022_03_26_10_07_26,20004.202964,16777216
67,os,Simulated,binomialtreebcast,AWS,Normal,1024,../../cloud_noise_data/aws-normal_c5.18xlarge_cluster/2022_03_26_10_07_26,18791.9365,16777216
68,net,Simulated,binomialtreebcast,AWS,Normal,1024,../../cloud_noise_data/aws-normal_c5.18xlarge_cluster/2022_03_26_10_07_26,19439.271169,16777216
69,os+net,Simulated,binomialtreebcast,AWS,Normal,1024,../../cloud_noise_data/aws-normal_c5.18xlarge_cluster/2022_03_26_10_07_26,19442.9241,16777216
70,none,Simulated,nwaydissemination,AWS,Normal,1024,../../cloud_noise_data/aws-normal_c5.18xlarge_cluster/2022_03_26_10_07_26,169786.8805,16777216
71,os,Simulated,nwaydissemination,AWS,Normal,1024,../../cloud_noise_data/aws-normal_c5.18xlarge_cluster/2022_03_26_10_07_26,171438.012698,16777216
72,net,Simulated,nwaydissemination,AWS,Normal,1024,../../cloud_noise_data/aws-normal_c5.18xlarge_cluster/2022_03_26_10_07_26,171965.352219,16777216
73,os+net,Simulated,nwaydissemination,AWS,Normal,1024,../../cloud_noise_data/aws-normal_c5.18xlarge_cluster/2022_03_26_10_07_26,172812.057068,16777216
74,os,Simulated,nwaydissemination,AWS,Normal,1024,../../cloud_noise_data/aws-normal_c5.18xlarge_cluster/2022_03_26_10_07_26,171411.766129,16777216
75,net,Simulated,nwaydissemination,AWS,Normal,1024,../../cloud_noise_data/aws-normal_c5.18xlarge_cluster/2022_03_26_10_07_26,172193.685344,16777216
76,os+net,Simulated,nwaydissemination,AWS,Normal,1024,../../cloud_noise_data/aws-normal_c5.18xlarge_cluster/2022_03_26_10_07_26,173036.12424,16777216
77,none,Simulated,pipelinedring,AWS,Normal,1024,../../cloud_noise_data/aws-normal_c5.18xlarge_cluster/2022_03_26_10_07_26,36354.18112,16777216
78,os,Simulated,pipelinedring,AWS,Normal,1024,../../cloud_noise_data/aws-normal_c5.18xlarge_cluster/2022_03_26_10_07_26,37021.434601,16777216
79,net,Simulated,pipelinedring,AWS,Normal,1024,../../cloud_noise_data/aws-normal_c5.18xlarge_cluster/2022_03_26_10_07_26,37749.780378,16777216
80,os+net,Simulated,pipelinedring,AWS,Normal,1024,../../cloud_noise_data/aws-normal_c5.18xlarge_cluster/2022_03_26_10_07_26,37983.369794,16777216
81,os,Simulated,pipelinedring,AWS,Normal,1024,../../cloud_noise_data/aws-normal_c5.18xlarge_cluster/2022_03_26_10_07_26,36690.756404,16777216
82,net,Simulated,pipelinedring,AWS,Normal,1024,../../cloud_noise_data/aws-normal_c5.18xlarge_cluster/2022_03_26_10_07_26,39295.852962,16777216
83,os+net,Simulated,pipelinedring,AWS,Normal,1024,../../cloud_noise_data/aws-normal_c5.18xlarge_cluster/2022_03_26_10_07_26,39465.830503,16777216
84,none,Simulated,binomialtreebcast,Azure,HPC (Metal),256,../../cloud_noise_data/azure_hpc44rs_azure_rush_same_rack/2022_03_18_22_04_11,21.13044,16
85,os,Simulated,binomialtreebcast,Azure,HPC (Metal),256,../../cloud_noise_data/azure_hpc44rs_azure_rush_same_rack/2022_03_18_22_04_11,21.13044,16
86,net,Simulated,binomialtreebcast,Azure,HPC (Metal),256,../../cloud_noise_data/azure_hpc44rs_azure_rush_same_rack/2022_03_18_22_04_11,21.101963,16
87,os+net,Simulated,binomialtreebcast,Azure,HPC (Metal),256,../../cloud_noise_data/azure_hpc44rs_azure_rush_same_rack/2022_03_18_22_04_11,21.101963,16
88,os,Simulated,binomialtreebcast,Azure,HPC (Metal),256,../../cloud_noise_data/azure_hpc44rs_azure_rush_same_rack/2022_03_18_22_04_11,21.13044,16
89,net,Simulated,binomialtreebcast,Azure,HPC (Metal),256,../../cloud_noise_data/azure_hpc44rs_azure_rush_same_rack/2022_03_18_22_04_11,21.101963,16
90,os+net,Simulated,binomialtreebcast,Azure,HPC (Metal),256,../../cloud_noise_data/azure_hpc44rs_azure_rush_same_rack/2022_03_18_22_04_11,20.919938,16
91,none,Simulated,nwaydissemination,Azure,HPC (Metal),256,../../cloud_noise_data/azure_hpc44rs_azure_rush_same_rack/2022_03_18_22_04_11,21.24244,16
92,os,Simulated,nwaydissemination,Azure,HPC (Metal),256,../../cloud_noise_data/azure_hpc44rs_azure_rush_same_rack/2022_03_18_22_04_11,25.037235,16
93,net,Simulated,nwaydissemination,Azure,HPC (Metal),256,../../cloud_noise_data/azure_hpc44rs_azure_rush_same_rack/2022_03_18_22_04_11,25.277967,16
94,os+net,Simulated,nwaydissemination,Azure,HPC (Metal),256,../../cloud_noise_data/azure_hpc44rs_azure_rush_same_rack/2022_03_18_22_04_11,27.542593,16
95,os,Simulated,nwaydissemination,Azure,HPC (Metal),256,../../cloud_noise_data/azure_hpc44rs_azure_rush_same_rack/2022_03_18_22_04_11,25.259965,16
96,net,Simulated,nwaydissemination,Azure,HPC (Metal),256,../../cloud_noise_data/azure_hpc44rs_azure_rush_same_rack/2022_03_18_22_04_11,24.91099,16
97,os+net,Simulated,nwaydissemination,Azure,HPC (Metal),256,../../cloud_noise_data/azure_hpc44rs_azure_rush_same_rack/2022_03_18_22_04_11,25.258077,16
98,none,Simulated,pipelinedring,Azure,HPC (Metal),256,../../cloud_noise_data/azure_hpc44rs_azure_rush_same_rack/2022_03_18_22_04_11,-1.0,16
99,os,Simulated,pipelinedring,Azure,HPC (Metal),256,../../cloud_noise_data/azure_hpc44rs_azure_rush_same_rack/2022_03_18_22_04_11,-1.0,16
100,net,Simulated,pipelinedring,Azure,HPC (Metal),256,../../cloud_noise_data/azure_hpc44rs_azure_rush_same_rack/2022_03_18_22_04_11,-1.0,16
101,os+net,Simulated,pipelinedring,Azure,HPC (Metal),256,../../cloud_noise_data/azure_hpc44rs_azure_rush_same_rack/2022_03_18_22_04_11,-1.0,16
102,os,Simulated,pipelinedring,Azure,HPC (Metal),256,../../cloud_noise_data/azure_hpc44rs_azure_rush_same_rack/2022_03_18_22_04_11,-1.0,16
103,net,Simulated,pipelinedring,Azure,HPC (Metal),256,../../cloud_noise_data/azure_hpc44rs_azure_rush_same_rack/2022_03_18_22_04_11,-1.0,16
104,os+net,Simulated,pipelinedring,Azure,HPC (Metal),256,../../cloud_noise_data/azure_hpc44rs_azure_rush_same_rack/2022_03_18_22_04_11,-1.0,16
105,none,Simulated,binomialtreebcast,Azure,HPC (Metal),256,../../cloud_noise_data/azure_hpc44rs_azure_rush_same_rack/2022_03_18_22_04_11,32.522568,16384
106,os,Simulated,binomialtreebcast,Azure,HPC (Metal),256,../../cloud_noise_data/azure_hpc44rs_azure_rush_same_rack/2022_03_18_22_04_11,32.522568,16384
107,net,Simulated,binomialtreebcast,Azure,HPC (Metal),256,../../cloud_noise_data/azure_hpc44rs_azure_rush_same_rack/2022_03_18_22_04_11,32.100924,16384
108,os+net,Simulated,binomialtreebcast,Azure,HPC (Metal),256,../../cloud_noise_data/azure_hpc44rs_azure_rush_same_rack/2022_03_18_22_04_11,32.100924,16384
109,os,Simulated,binomialtreebcast,Azure,HPC (Metal),256,../../cloud_noise_data/azure_hpc44rs_azure_rush_same_rack/2022_03_18_22_04_11,32.522568,16384
110,net,Simulated,binomialtreebcast,Azure,HPC (Metal),256,../../cloud_noise_data/azure_hpc44rs_azure_rush_same_rack/2022_03_18_22_04_11,32.100924,16384
111,os+net,Simulated,binomialtreebcast,Azure,HPC (Metal),256,../../cloud_noise_data/azure_hpc44rs_azure_rush_same_rack/2022_03_18_22_04_11,32.853345,16384
112,none,Simulated,nwaydissemination,Azure,HPC (Metal),256,../../cloud_noise_data/azure_hpc44rs_azure_rush_same_rack/2022_03_18_22_04_11,147.210568,16384
113,os,Simulated,nwaydissemination,Azure,HPC (Metal),256,../../cloud_noise_data/azure_hpc44rs_azure_rush_same_rack/2022_03_18_22_04_11,152.812328,16384
114,net,Simulated,nwaydissemination,Azure,HPC (Metal),256,../../cloud_noise_data/azure_hpc44rs_azure_rush_same_rack/2022_03_18_22_04_11,149.119425,16384
115,os+net,Simulated,nwaydissemination,Azure,HPC (Metal),256,../../cloud_noise_data/azure_hpc44rs_azure_rush_same_rack/2022_03_18_22_04_11,156.895963,16384
116,os,Simulated,nwaydissemination,Azure,HPC (Metal),256,../../cloud_noise_data/azure_hpc44rs_azure_rush_same_rack/2022_03_18_22_04_11,153.733698,16384
117,net,Simulated,nwaydissemination,Azure,HPC (Metal),256,../../cloud_noise_data/azure_hpc44rs_azure_rush_same_rack/2022_03_18_22_04_11,150.002242,16384
118,os+net,Simulated,nwaydissemination,Azure,HPC (Metal),256,../../cloud_noise_data/azure_hpc44rs_azure_rush_same_rack/2022_03_18_22_04_11,154.258856,16384
119,none,Simulated,pipelinedring,Azure,HPC (Metal),256,../../cloud_noise_data/azure_hpc44rs_azure_rush_same_rack/2022_03_18_22_04_11,677.243136,16384
120,os,Simulated,pipelinedring,Azure,HPC (Metal),256,../../cloud_noise_data/azure_hpc44rs_azure_rush_same_rack/2022_03_18_22_04_11,751.776074,16384
121,net,Simulated,pipelinedring,Azure,HPC (Metal),256,../../cloud_noise_data/azure_hpc44rs_azure_rush_same_rack/2022_03_18_22_04_11,888.812524,16384
122,os+net,Simulated,pipelinedring,Azure,HPC (Metal),256,../../cloud_noise_data/azure_hpc44rs_azure_rush_same_rack/2022_03_18_22_04_11,716.998469,16384
123,os,Simulated,pipelinedring,Azure,HPC (Metal),256,../../cloud_noise_data/azure_hpc44rs_azure_rush_same_rack/2022_03_18_22_04_11,732.401596,16384
124,net,Simulated,pipelinedring,Azure,HPC (Metal),256,../../cloud_noise_data/azure_hpc44rs_azure_rush_same_rack/2022_03_18_22_04_11,866.85507,16384
125,os+net,Simulated,pipelinedring,Azure,HPC (Metal),256,../../cloud_noise_data/azure_hpc44rs_azure_rush_same_rack/2022_03_18_22_04_11,897.422686,16384
126,none,Simulated,binomialtreebcast,Azure,HPC (Metal),256,../../cloud_noise_data/azure_hpc44rs_azure_rush_same_rack/2022_03_18_22_04_11,11698.06164,16777216
127,os,Simulated,binomialtreebcast,Azure,HPC (Metal),256,../../cloud_noise_data/azure_hpc44rs_azure_rush_same_rack/2022_03_18_22_04_11,11698.06164,16777216
128,net,Simulated,binomialtreebcast,Azure,HPC (Metal),256,../../cloud_noise_data/azure_hpc44rs_azure_rush_same_rack/2022_03_18_22_04_11,11721.707163,16777216
129,os+net,Simulated,binomialtreebcast,Azure,HPC (Metal),256,../../cloud_noise_data/azure_hpc44rs_azure_rush_same_rack/2022_03_18_22_04_11,11663.287648,16777216
130,os,Simulated,binomialtreebcast,Azure,HPC (Metal),256,../../cloud_noise_data/azure_hpc44rs_azure_rush_same_rack/2022_03_18_22_04_11,11698.06164,16777216
131,net,Simulated,binomialtreebcast,Azure,HPC (Metal),256,../../cloud_noise_data/azure_hpc44rs_azure_rush_same_rack/2022_03_18_22_04_11,11663.287648,16777216
132,os+net,Simulated,binomialtreebcast,Azure,HPC (Metal),256,../../cloud_noise_data/azure_hpc44rs_azure_rush_same_rack/2022_03_18_22_04_11,11663.287648,16777216
133,none,Simulated,nwaydissemination,Azure,HPC (Metal),256,../../cloud_noise_data/azure_hpc44rs_azure_rush_same_rack/2022_03_18_22_04_11,129138.57364,16777216
134,os,Simulated,nwaydissemination,Azure,HPC (Metal),256,../../cloud_noise_data/azure_hpc44rs_azure_rush_same_rack/2022_03_18_22_04_11,129938.68528,16777216
135,net,Simulated,nwaydissemination,Azure,HPC (Metal),256,../../cloud_noise_data/azure_hpc44rs_azure_rush_same_rack/2022_03_18_22_04_11,129252.237086,16777216
136,os+net,Simulated,nwaydissemination,Azure,HPC (Metal),256,../../cloud_noise_data/azure_hpc44rs_azure_rush_same_rack/2022_03_18_22_04_11,130059.338692,16777216
137,os,Simulated,nwaydissemination,Azure,HPC (Metal),256,../../cloud_noise_data/azure_hpc44rs_azure_rush_same_rack/2022_03_18_22_04_11,129836.73651,16777216
138,net,Simulated,nwaydissemination,Azure,HPC (Metal),256,../../cloud_noise_data/azure_hpc44rs_azure_rush_same_rack/2022_03_18_22_04_11,129200.815885,16777216
139,os+net,Simulated,nwaydissemination,Azure,HPC (Metal),256,../../cloud_noise_data/azure_hpc44rs_azure_rush_same_rack/2022_03_18_22_04_11,129912.945695,16777216
140,none,Simulated,pipelinedring,Azure,HPC (Metal),256,../../cloud_noise_data/azure_hpc44rs_azure_rush_same_rack/2022_03_18_22_04_11,2135.43552,16777216
141,os,Simulated,pipelinedring,Azure,HPC (Metal),256,../../cloud_noise_data/azure_hpc44rs_azure_rush_same_rack/2022_03_18_22_04_11,2156.350565,16777216
142,net,Simulated,pipelinedring,Azure,HPC (Metal),256,../../cloud_noise_data/azure_hpc44rs_azure_rush_same_rack/2022_03_18_22_04_11,2385.03864,16777216
143,os+net,Simulated,pipelinedring,Azure,HPC (Metal),256,../../cloud_noise_data/azure_hpc44rs_azure_rush_same_rack/2022_03_18_22_04_11,2333.784728,16777216
144,os,Simulated,pipelinedring,Azure,HPC (Metal),256,../../cloud_noise_data/azure_hpc44rs_azure_rush_same_rack/2022_03_18_22_04_11,2155.273853,16777216
145,net,Simulated,pipelinedring,Azure,HPC (Metal),256,../../cloud_noise_data/azure_hpc44rs_azure_rush_same_rack/2022_03_18_22_04_11,2335.639428,16777216
146,os+net,Simulated,pipelinedring,Azure,HPC (Metal),256,../../cloud_noise_data/azure_hpc44rs_azure_rush_same_rack/2022_03_18_22_04_11,2345.064372,16777216
147,none,Simulated,binomialtreebcast,Azure,HPC (Metal),1024,../../cloud_noise_data/azure_hpc44rs_azure_rush_same_rack/2022_03_18_22_04_11,26.41305,16
148,os,Simulated,binomialtreebcast,Azure,HPC (Metal),1024,../../cloud_noise_data/azure_hpc44rs_azure_rush_same_rack/2022_03_18_22_04_11,26.41305,16
149,net,Simulated,binomialtreebcast,Azure,HPC (Metal),1024,../../cloud_noise_data/azure_hpc44rs_azure_rush_same_rack/2022_03_18_22_04_11,26.45097,16
150,os+net,Simulated,binomialtreebcast,Azure,HPC (Metal),1024,../../cloud_noise_data/azure_hpc44rs_azure_rush_same_rack/2022_03_18_22_04_11,26.969192,16
151,os,Simulated,binomialtreebcast,Azure,HPC (Metal),1024,../../cloud_noise_data/azure_hpc44rs_azure_rush_same_rack/2022_03_18_22_04_11,26.41305,16
152,net,Simulated,binomialtreebcast,Azure,HPC (Metal),1024,../../cloud_noise_data/azure_hpc44rs_azure_rush_same_rack/2022_03_18_22_04_11,26.634182,16
153,os+net,Simulated,binomialtreebcast,Azure,HPC (Metal),1024,../../cloud_noise_data/azure_hpc44rs_azure_rush_same_rack/2022_03_18_22_04_11,26.386235,16
154,none,Simulated,nwaydissemination,Azure,HPC (Metal),1024,../../cloud_noise_data/azure_hpc44rs_azure_rush_same_rack/2022_03_18_22_04_11,26.55705,16
155,os,Simulated,nwaydissemination,Azure,HPC (Metal),1024,../../cloud_noise_data/azure_hpc44rs_azure_rush_same_rack/2022_03_18_22_04_11,30.712675,16
156,net,Simulated,nwaydissemination,Azure,HPC (Metal),1024,../../cloud_noise_data/azure_hpc44rs_azure_rush_same_rack/2022_03_18_22_04_11,246.221062,16
157,os+net,Simulated,nwaydissemination,Azure,HPC (Metal),1024,../../cloud_noise_data/azure_hpc44rs_azure_rush_same_rack/2022_03_18_22_04_11,246.28731,16
158,os,Simulated,nwaydissemination,Azure,HPC (Metal),1024,../../cloud_noise_data/azure_hpc44rs_azure_rush_same_rack/2022_03_18_22_04_11,36.263949,16
159,net,Simulated,nwaydissemination,Azure,HPC (Metal),1024,../../cloud_noise_data/azure_hpc44rs_azure_rush_same_rack/2022_03_18_22_04_11,35.159748,16
160,os+net,Simulated,nwaydissemination,Azure,HPC (Metal),1024,../../cloud_noise_data/azure_hpc44rs_azure_rush_same_rack/2022_03_18_22_04_11,38.10902,16
161,none,Simulated,pipelinedring,Azure,HPC (Metal),1024,../../cloud_noise_data/azure_hpc44rs_azure_rush_same_rack/2022_03_18_22_04_11,-1.0,16
162,os,Simulated,pipelinedring,Azure,HPC (Metal),1024,../../cloud_noise_data/azure_hpc44rs_azure_rush_same_rack/2022_03_18_22_04_11,-1.0,16
163,net,Simulated,pipelinedring,Azure,HPC (Metal),1024,../../cloud_noise_data/azure_hpc44rs_azure_rush_same_rack/2022_03_18_22_04_11,-1.0,16
164,os+net,Simulated,pipelinedring,Azure,HPC (Metal),1024,../../cloud_noise_data/azure_hpc44rs_azure_rush_same_rack/2022_03_18_22_04_11,-1.0,16
165,os,Simulated,pipelinedring,Azure,HPC (Metal),1024,../../cloud_noise_data/azure_hpc44rs_azure_rush_same_rack/2022_03_18_22_04_11,-1.0,16
166,net,Simulated,pipelinedring,Azure,HPC (Metal),1024,../../cloud_noise_data/azure_hpc44rs_azure_rush_same_rack/2022_03_18_22_04_11,-1.0,16
167,os+net,Simulated,pipelinedring,Azure,HPC (Metal),1024,../../cloud_noise_data/azure_hpc44rs_azure_rush_same_rack/2022_03_18_22_04_11,-1.0,16
168,none,Simulated,binomialtreebcast,Azure,HPC (Metal),1024,../../cloud_noise_data/azure_hpc44rs_azure_rush_same_rack/2022_03_18_22_04_11,40.65321,16384
169,os,Simulated,binomialtreebcast,Azure,HPC (Metal),1024,../../cloud_noise_data/azure_hpc44rs_azure_rush_same_rack/2022_03_18_22_04_11,40.65321,16384
170,net,Simulated,binomialtreebcast,Azure,HPC (Metal),1024,../../cloud_noise_data/azure_hpc44rs_azure_rush_same_rack/2022_03_18_22_04_11,40.606984,16384
171,os+net,Simulated,binomialtreebcast,Azure,HPC (Metal),1024,../../cloud_noise_data/azure_hpc44rs_azure_rush_same_rack/2022_03_18_22_04_11,40.584679,16384
172,os,Simulated,binomialtreebcast,Azure,HPC (Metal),1024,../../cloud_noise_data/azure_hpc44rs_azure_rush_same_rack/2022_03_18_22_04_11,40.65321,16384
173,net,Simulated,binomialtreebcast,Azure,HPC (Metal),1024,../../cloud_noise_data/azure_hpc44rs_azure_rush_same_rack/2022_03_18_22_04_11,40.492789,16384
174,os+net,Simulated,binomialtreebcast,Azure,HPC (Metal),1024,../../cloud_noise_data/azure_hpc44rs_azure_rush_same_rack/2022_03_18_22_04_11,40.303407,16384
175,none,Simulated,nwaydissemination,Azure,HPC (Metal),1024,../../cloud_noise_data/azure_hpc44rs_azure_rush_same_rack/2022_03_18_22_04_11,188.10921,16384
176,os,Simulated,nwaydissemination,Azure,HPC (Metal),1024,../../cloud_noise_data/azure_hpc44rs_azure_rush_same_rack/2022_03_18_22_04_11,198.64823,16384
177,net,Simulated,nwaydissemination,Azure,HPC (Metal),1024,../../cloud_noise_data/azure_hpc44rs_azure_rush_same_rack/2022_03_18_22_04_11,391.052331,16384
178,os+net,Simulated,nwaydissemination,Azure,HPC (Metal),1024,../../cloud_noise_data/azure_hpc44rs_azure_rush_same_rack/2022_03_18_22_04_11,394.42561,16384
179,os,Simulated,nwaydissemination,Azure,HPC (Metal),1024,../../cloud_noise_data/azure_hpc44rs_azure_rush_same_rack/2022_03_18_22_04_11,480.280244,16384
180,net,Simulated,nwaydissemination,Azure,HPC (Metal),1024,../../cloud_noise_data/azure_hpc44rs_azure_rush_same_rack/2022_03_18_22_04_11,374.687904,16384
181,os+net,Simulated,nwaydissemination,Azure,HPC (Metal),1024,../../cloud_noise_data/azure_hpc44rs_azure_rush_same_rack/2022_03_18_22_04_11,378.262739,16384
182,none,Simulated,pipelinedring,Azure,HPC (Metal),1024,../../cloud_noise_data/azure_hpc44rs_azure_rush_same_rack/2022_03_18_22_04_11,2704.69632,16384
183,os,Simulated,pipelinedring,Azure,HPC (Metal),1024,../../cloud_noise_data/azure_hpc44rs_azure_rush_same_rack/2022_03_18_22_04_11,3113.752749,16384
184,net,Simulated,pipelinedring,Azure,HPC (Metal),1024,../../cloud_noise_data/azure_hpc44rs_azure_rush_same_rack/2022_03_18_22_04_11,3121.744578,16384
185,os+net,Simulated,pipelinedring,Azure,HPC (Metal),1024,../../cloud_noise_data/azure_hpc44rs_azure_rush_same_rack/2022_03_18_22_04_11,3588.224175,16384
186,os,Simulated,pipelinedring,Azure,HPC (Metal),1024,../../cloud_noise_data/azure_hpc44rs_azure_rush_same_rack/2022_03_18_22_04_11,3215.309797,16384
187,net,Simulated,pipelinedring,Azure,HPC (Metal),1024,../../cloud_noise_data/azure_hpc44rs_azure_rush_same_rack/2022_03_18_22_04_11,2958.32412,16384
188,os+net,Simulated,pipelinedring,Azure,HPC (Metal),1024,../../cloud_noise_data/azure_hpc44rs_azure_rush_same_rack/2022_03_18_22_04_11,3175.983744,16384
189,none,Simulated,binomialtreebcast,Azure,HPC (Metal),1024,../../cloud_noise_data/azure_hpc44rs_azure_rush_same_rack/2022_03_18_22_04_11,14622.57705,16777216
190,os,Simulated,binomialtreebcast,Azure,HPC (Metal),1024,../../cloud_noise_data/azure_hpc44rs_azure_rush_same_rack/2022_03_18_22_04_11,14622.57705,16777216
191,net,Simulated,binomialtreebcast,Azure,HPC (Metal),1024,../../cloud_noise_data/azure_hpc44rs_azure_rush_same_rack/2022_03_18_22_04_11,14713.020963,16777216
192,os+net,Simulated,binomialtreebcast,Azure,HPC (Metal),1024,../../cloud_noise_data/azure_hpc44rs_azure_rush_same_rack/2022_03_18_22_04_11,14713.020963,16777216
193,os,Simulated,binomialtreebcast,Azure,HPC (Metal),1024,../../cloud_noise_data/azure_hpc44rs_azure_rush_same_rack/2022_03_18_22_04_11,14622.57705,16777216
194,net,Simulated,binomialtreebcast,Azure,HPC (Metal),1024,../../cloud_noise_data/azure_hpc44rs_azure_rush_same_rack/2022_03_18_22_04_11,14632.045261,16777216
195,os+net,Simulated,binomialtreebcast,Azure,HPC (Metal),1024,../../cloud_noise_data/azure_hpc44rs_azure_rush_same_rack/2022_03_18_22_04_11,14632.045261,16777216
196,none,Simulated,nwaydissemination,Azure,HPC (Metal),1024,../../cloud_noise_data/azure_hpc44rs_azure_rush_same_rack/2022_03_18_22_04_11,165617.52105,16777216
197,os,Simulated,nwaydissemination,Azure,HPC (Metal),1024,../../cloud_noise_data/azure_hpc44rs_azure_rush_same_rack/2022_03_18_22_04_11,166598.642657,16777216
198,net,Simulated,nwaydissemination,Azure,HPC (Metal),1024,../../cloud_noise_data/azure_hpc44rs_azure_rush_same_rack/2022_03_18_22_04_11,166066.812502,16777216
199,os+net,Simulated,nwaydissemination,Azure,HPC (Metal),1024,../../cloud_noise_data/azure_hpc44rs_azure_rush_same_rack/2022_03_18_22_04_11,166691.42596,16777216
200,os,Simulated,nwaydissemination,Azure,HPC (Metal),1024,../../cloud_noise_data/azure_hpc44rs_azure_rush_same_rack/2022_03_18_22_04_11,166779.071913,16777216
201,net,Simulated,nwaydissemination,Azure,HPC (Metal),1024,../../cloud_noise_data/azure_hpc44rs_azure_rush_same_rack/2022_03_18_22_04_11,165847.835286,16777216
202,os+net,Simulated,nwaydissemination,Azure,HPC (Metal),1024,../../cloud_noise_data/azure_hpc44rs_azure_rush_same_rack/2022_03_18_22_04_11,166829.628719,16777216
203,none,Simulated,pipelinedring,Azure,HPC (Metal),1024,../../cloud_noise_data/azure_hpc44rs_azure_rush_same_rack/2022_03_18_22_04_11,4162.888704,16777216
204,os,Simulated,pipelinedring,Azure,HPC (Metal),1024,../../cloud_noise_data/azure_hpc44rs_azure_rush_same_rack/2022_03_18_22_04_11,4840.692797,16777216
205,net,Simulated,pipelinedring,Azure,HPC (Metal),1024,../../cloud_noise_data/azure_hpc44rs_azure_rush_same_rack/2022_03_18_22_04_11,5182.623289,16777216
206,os+net,Simulated,pipelinedring,Azure,HPC (Metal),1024,../../cloud_noise_data/azure_hpc44rs_azure_rush_same_rack/2022_03_18_22_04_11,5245.58778,16777216
207,os,Simulated,pipelinedring,Azure,HPC (Metal),1024,../../cloud_noise_data/azure_hpc44rs_azure_rush_same_rack/2022_03_18_22_04_11,4869.402785,16777216
208,net,Simulated,pipelinedring,Azure,HPC (Metal),1024,../../cloud_noise_data/azure_hpc44rs_azure_rush_same_rack/2022_03_18_22_04_11,5105.396006,16777216
209,os+net,Simulated,pipelinedring,Azure,HPC (Metal),1024,../../cloud_noise_data/azure_hpc44rs_azure_rush_same_rack/2022_03_18_22_04_11,5342.988795,16777216
210,none,Simulated,binomialtreebcast,Azure,Normal,256,../../cloud_noise_data/azure_F72s_v2_short/2022_03_28_17_31_51,21.13044,16
211,os,Simulated,binomialtreebcast,Azure,Normal,256,../../cloud_noise_data/azure_F72s_v2_short/2022_03_28_17_31_51,24.587809,16
212,net,Simulated,binomialtreebcast,Azure,Normal,256,../../cloud_noise_data/azure_F72s_v2_short/2022_03_28_17_31_51,22.407459,16
213,os+net,Simulated,binomialtreebcast,Azure,Normal,256,../../cloud_noise_data/azure_F72s_v2_short/2022_03_28_17_31_51,28.519767,16
214,os,Simulated,binomialtreebcast,Azure,Normal,256,../../cloud_noise_data/azure_F72s_v2_short/2022_03_28_17_31_51,566.29015,16
215,net,Simulated,binomialtreebcast,Azure,Normal,256,../../cloud_noise_data/azure_F72s_v2_short/2022_03_28_17_31_51,22.407459,16
216,os+net,Simulated,binomialtreebcast,Azure,Normal,256,../../cloud_noise_data/azure_F72s_v2_short/2022_03_28_17_31_51,21.739428,16
217,none,Simulated,nwaydissemination,Azure,Normal,256,../../cloud_noise_data/azure_F72s_v2_short/2022_03_28_17_31_51,21.24244,16
218,os,Simulated,nwaydissemination,Azure,Normal,256,../../cloud_noise_data/azure_F72s_v2_short/2022_03_28_17_31_51,37.434996,16
219,net,Simulated,nwaydissemination,Azure,Normal,256,../../cloud_noise_data/azure_F72s_v2_short/2022_03_28_17_31_51,30.106836,16
220,os+net,Simulated,nwaydissemination,Azure,Normal,256,../../cloud_noise_data/azure_F72s_v2_short/2022_03_28_17_31_51,263.209896,16
221,os,Simulated,nwaydissemination,Azure,Normal,256,../../cloud_noise_data/azure_F72s_v2_short/2022_03_28_17_31_51,617.057975,16
222,net,Simulated,nwaydissemination,Azure,Normal,256,../../cloud_noise_data/azure_F72s_v2_short/2022_03_28_17_31_51,24.883655,16
223,os+net,Simulated,nwaydissemination,Azure,Normal,256,../../cloud_noise_data/azure_F72s_v2_short/2022_03_28_17_31_51,38.021493,16
224,none,Simulated,pipelinedring,Azure,Normal,256,../../cloud_noise_data/azure_F72s_v2_short/2022_03_28_17_31_51,-1.0,16
225,os,Simulated,pipelinedring,Azure,Normal,256,../../cloud_noise_data/azure_F72s_v2_short/2022_03_28_17_31_51,-1.0,16
226,net,Simulated,pipelinedring,Azure,Normal,256,../../cloud_noise_data/azure_F72s_v2_short/2022_03_28_17_31_51,-1.0,16
227,os+net,Simulated,pipelinedring,Azure,Normal,256,../../cloud_noise_data/azure_F72s_v2_short/2022_03_28_17_31_51,-1.0,16
228,os,Simulated,pipelinedring,Azure,Normal,256,../../cloud_noise_data/azure_F72s_v2_short/2022_03_28_17_31_51,-1.0,16
229,net,Simulated,pipelinedring,Azure,Normal,256,../../cloud_noise_data/azure_F72s_v2_short/2022_03_28_17_31_51,-1.0,16
230,os+net,Simulated,pipelinedring,Azure,Normal,256,../../cloud_noise_data/azure_F72s_v2_short/2022_03_28_17_31_51,-1.0,16
231,none,Simulated,binomialtreebcast,Azure,Normal,256,../../cloud_noise_data/azure_F72s_v2_short/2022_03_28_17_31_51,32.522568,16384
232,os,Simulated,binomialtreebcast,Azure,Normal,256,../../cloud_noise_data/azure_F72s_v2_short/2022_03_28_17_31_51,36.052584,16384
233,net,Simulated,binomialtreebcast,Azure,Normal,256,../../cloud_noise_data/azure_F72s_v2_short/2022_03_28_17_31_51,32.116236,16384
234,os+net,Simulated,binomialtreebcast,Azure,Normal,256,../../cloud_noise_data/azure_F72s_v2_short/2022_03_28_17_31_51,34.010298,16384
235,os,Simulated,binomialtreebcast,Azure,Normal,256,../../cloud_noise_data/azure_F72s_v2_short/2022_03_28_17_31_51,40.214384,16384
236,net,Simulated,binomialtreebcast,Azure,Normal,256,../../cloud_noise_data/azure_F72s_v2_short/2022_03_28_17_31_51,31.589903,16384
237,os+net,Simulated,binomialtreebcast,Azure,Normal,256,../../cloud_noise_data/azure_F72s_v2_short/2022_03_28_17_31_51,41.325497,16384
238,none,Simulated,nwaydissemination,Azure,Normal,256,../../cloud_noise_data/azure_F72s_v2_short/2022_03_28_17_31_51,147.210568,16384
239,os,Simulated,nwaydissemination,Azure,Normal,256,../../cloud_noise_data/azure_F72s_v2_short/2022_03_28_17_31_51,208.998118,16384
240,net,Simulated,nwaydissemination,Azure,Normal,256,../../cloud_noise_data/azure_F72s_v2_short/2022_03_28_17_31_51,151.21706,16384
241,os+net,Simulated,nwaydissemination,Azure,Normal,256,../../cloud_noise_data/azure_F72s_v2_short/2022_03_28_17_31_51,746.406835,16384
242,os,Simulated,nwaydissemination,Azure,Normal,256,../../cloud_noise_data/azure_F72s_v2_short/2022_03_28_17_31_51,588.27299,16384
243,net,Simulated,nwaydissemination,Azure,Normal,256,../../cloud_noise_data/azure_F72s_v2_short/2022_03_28_17_31_51,151.21706,16384
244,os+net,Simulated,nwaydissemination,Azure,Normal,256,../../cloud_noise_data/azure_F72s_v2_short/2022_03_28_17_31_51,222.894546,16384
245,none,Simulated,pipelinedring,Azure,Normal,256,../../cloud_noise_data/azure_F72s_v2_short/2022_03_28_17_31_51,677.243136,16384
246,os,Simulated,pipelinedring,Azure,Normal,256,../../cloud_noise_data/azure_F72s_v2_short/2022_03_28_17_31_51,882.262142,16384
247,net,Simulated,pipelinedring,Azure,Normal,256,../../cloud_noise_data/azure_F72s_v2_short/2022_03_28_17_31_51,732.294099,16384
248,os+net,Simulated,pipelinedring,Azure,Normal,256,../../cloud_noise_data/azure_F72s_v2_short/2022_03_28_17_31_51,1116.335301,16384
249,os,Simulated,pipelinedring,Azure,Normal,256,../../cloud_noise_data/azure_F72s_v2_short/2022_03_28_17_31_51,912.797662,16384
250,net,Simulated,pipelinedring,Azure,Normal,256,../../cloud_noise_data/azure_F72s_v2_short/2022_03_28_17_31_51,732.857463,16384
251,os+net,Simulated,pipelinedring,Azure,Normal,256,../../cloud_noise_data/azure_F72s_v2_short/2022_03_28_17_31_51,802.622875,16384
252,none,Simulated,binomialtreebcast,Azure,Normal,256,../../cloud_noise_data/azure_F72s_v2_short/2022_03_28_17_31_51,11698.06164,16777216
253,os,Simulated,binomialtreebcast,Azure,Normal,256,../../cloud_noise_data/azure_F72s_v2_short/2022_03_28_17_31_51,11701.55141,16777216
254,net,Simulated,binomialtreebcast,Azure,Normal,256,../../cloud_noise_data/azure_F72s_v2_short/2022_03_28_17_31_51,12225.042214,16777216
255,os+net,Simulated,binomialtreebcast,Azure,Normal,256,../../cloud_noise_data/azure_F72s_v2_short/2022_03_28_17_31_51,12225.042214,16777216
256,os,Simulated,binomialtreebcast,Azure,Normal,256,../../cloud_noise_data/azure_F72s_v2_short/2022_03_28_17_31_51,11698.06164,16777216
257,net,Simulated,binomialtreebcast,Azure,Normal,256,../../cloud_noise_data/azure_F72s_v2_short/2022_03_28_17_31_51,11858.876385,16777216
258,os+net,Simulated,binomialtreebcast,Azure,Normal,256,../../cloud_noise_data/azure_F72s_v2_short/2022_03_28_17_31_51,11858.876385,16777216
259,none,Simulated,nwaydissemination,Azure,Normal,256,../../cloud_noise_data/azure_F72s_v2_short/2022_03_28_17_31_51,129138.57364,16777216
260,os,Simulated,nwaydissemination,Azure,Normal,256,../../cloud_noise_data/azure_F72s_v2_short/2022_03_28_17_31_51,131808.637887,16777216
261,net,Simulated,nwaydissemination,Azure,Normal,256,../../cloud_noise_data/azure_F72s_v2_short/2022_03_28_17_31_51,129738.130727,16777216
262,os+net,Simulated,nwaydissemination,Azure,Normal,256,../../cloud_noise_data/azure_F72s_v2_short/2022_03_28_17_31_51,133137.669034,16777216
263,os,Simulated,nwaydissemination,Azure,Normal,256,../../cloud_noise_data/azure_F72s_v2_short/2022_03_28_17_31_51,132248.890926,16777216
264,net,Simulated,nwaydissemination,Azure,Normal,256,../../cloud_noise_data/azure_F72s_v2_short/2022_03_28_17_31_51,129599.902257,16777216
265,os+net,Simulated,nwaydissemination,Azure,Normal,256,../../cloud_noise_data/azure_F72s_v2_short/2022_03_28_17_31_51,131748.915267,16777216
266,none,Simulated,pipelinedring,Azure,Normal,256,../../cloud_noise_data/azure_F72s_v2_short/2022_03_28_17_31_51,2135.43552,16777216
267,os,Simulated,pipelinedring,Azure,Normal,256,../../cloud_noise_data/azure_F72s_v2_short/2022_03_28_17_31_51,2399.020039,16777216
268,net,Simulated,pipelinedring,Azure,Normal,256,../../cloud_noise_data/azure_F72s_v2_short/2022_03_28_17_31_51,2169.148347,16777216
269,os+net,Simulated,pipelinedring,Azure,Normal,256,../../cloud_noise_data/azure_F72s_v2_short/2022_03_28_17_31_51,2412.935228,16777216
270,os,Simulated,pipelinedring,Azure,Normal,256,../../cloud_noise_data/azure_F72s_v2_short/2022_03_28_17_31_51,3246.038455,16777216
271,net,Simulated,pipelinedring,Azure,Normal,256,../../cloud_noise_data/azure_F72s_v2_short/2022_03_28_17_31_51,2194.090946,16777216
272,os+net,Simulated,pipelinedring,Azure,Normal,256,../../cloud_noise_data/azure_F72s_v2_short/2022_03_28_17_31_51,3414.036282,16777216
273,none,Simulated,binomialtreebcast,Azure,Normal,1024,../../cloud_noise_data/azure_F72s_v2_short/2022_03_28_17_31_51,26.41305,16
274,os,Simulated,binomialtreebcast,Azure,Normal,1024,../../cloud_noise_data/azure_F72s_v2_short/2022_03_28_17_31_51,239.653667,16
275,net,Simulated,binomialtreebcast,Azure,Normal,1024,../../cloud_noise_data/azure_F72s_v2_short/2022_03_28_17_31_51,26.517299,16
276,os+net,Simulated,binomialtreebcast,Azure,Normal,1024,../../cloud_noise_data/azure_F72s_v2_short/2022_03_28_17_31_51,41.395733,16
277,os,Simulated,binomialtreebcast,Azure,Normal,1024,../../cloud_noise_data/azure_F72s_v2_short/2022_03_28_17_31_51,151.945175,16
278,net,Simulated,binomialtreebcast,Azure,Normal,1024,../../cloud_noise_data/azure_F72s_v2_short/2022_03_28_17_31_51,25.247441,16
279,os+net,Simulated,binomialtreebcast,Azure,Normal,1024,../../cloud_noise_data/azure_F72s_v2_short/2022_03_28_17_31_51,341.533955,16
280,none,Simulated,nwaydissemination,Azure,Normal,1024,../../cloud_noise_data/azure_F72s_v2_short/2022_03_28_17_31_51,26.55705,16
281,os,Simulated,nwaydissemination,Azure,Normal,1024,../../cloud_noise_data/azure_F72s_v2_short/2022_03_28_17_31_51,63.652715,16
282,net,Simulated,nwaydissemination,Azure,Normal,1024,../../cloud_noise_data/azure_F72s_v2_short/2022_03_28_17_31_51,33.013823,16
283,os+net,Simulated,nwaydissemination,Azure,Normal,1024,../../cloud_noise_data/azure_F72s_v2_short/2022_03_28_17_31_51,67.570427,16
284,os,Simulated,nwaydissemination,Azure,Normal,1024,../../cloud_noise_data/azure_F72s_v2_short/2022_03_28_17_31_51,58.153282,16
285,net,Simulated,nwaydissemination,Azure,Normal,1024,../../cloud_noise_data/azure_F72s_v2_short/2022_03_28_17_31_51,31.844242,16
286,os+net,Simulated,nwaydissemination,Azure,Normal,1024,../../cloud_noise_data/azure_F72s_v2_short/2022_03_28_17_31_51,678.986528,16
287,none,Simulated,pipelinedring,Azure,Normal,1024,../../cloud_noise_data/azure_F72s_v2_short/2022_03_28_17_31_51,-1.0,16
288,os,Simulated,pipelinedring,Azure,Normal,1024,../../cloud_noise_data/azure_F72s_v2_short/2022_03_28_17_31_51,-1.0,16
289,net,Simulated,pipelinedring,Azure,Normal,1024,../../cloud_noise_data/azure_F72s_v2_short/2022_03_28_17_31_51,-1.0,16
290,os+net,Simulated,pipelinedring,Azure,Normal,1024,../../cloud_noise_data/azure_F72s_v2_short/2022_03_28_17_31_51,-1.0,16
291,os,Simulated,pipelinedring,Azure,Normal,1024,../../cloud_noise_data/azure_F72s_v2_short/2022_03_28_17_31_51,-1.0,16
292,net,Simulated,pipelinedring,Azure,Normal,1024,../../cloud_noise_data/azure_F72s_v2_short/2022_03_28_17_31_51,-1.0,16
293,os+net,Simulated,pipelinedring,Azure,Normal,1024,../../cloud_noise_data/azure_F72s_v2_short/2022_03_28_17_31_51,-1.0,16
294,none,Simulated,binomialtreebcast,Azure,Normal,1024,../../cloud_noise_data/azure_F72s_v2_short/2022_03_28_17_31_51,40.65321,16384
295,os,Simulated,binomialtreebcast,Azure,Normal,1024,../../cloud_noise_data/azure_F72s_v2_short/2022_03_28_17_31_51,608.402846,16384
296,net,Simulated,binomialtreebcast,Azure,Normal,1024,../../cloud_noise_data/azure_F72s_v2_short/2022_03_28_17_31_51,39.987986,16384
297,os+net,Simulated,binomialtreebcast,Azure,Normal,1024,../../cloud_noise_data/azure_F72s_v2_short/2022_03_28_17_31_51,48.672571,16384
298,os,Simulated,binomialtreebcast,Azure,Normal,1024,../../cloud_noise_data/azure_F72s_v2_short/2022_03_28_17_31_51,45.484547,16384
299,net,Simulated,binomialtreebcast,Azure,Normal,1024,../../cloud_noise_data/azure_F72s_v2_short/2022_03_28_17_31_51,42.225881,16384
300,os+net,Simulated,binomialtreebcast,Azure,Normal,1024,../../cloud_noise_data/azure_F72s_v2_short/2022_03_28_17_31_51,52.420243,16384
301,none,Simulated,nwaydissemination,Azure,Normal,1024,../../cloud_noise_data/azure_F72s_v2_short/2022_03_28_17_31_51,188.10921,16384
302,os,Simulated,nwaydissemination,Azure,Normal,1024,../../cloud_noise_data/azure_F72s_v2_short/2022_03_28_17_31_51,298.230074,16384
303,net,Simulated,nwaydissemination,Azure,Normal,1024,../../cloud_noise_data/azure_F72s_v2_short/2022_03_28_17_31_51,225.816957,16384
304,os+net,Simulated,nwaydissemination,Azure,Normal,1024,../../cloud_noise_data/azure_F72s_v2_short/2022_03_28_17_31_51,292.581469,16384
305,os,Simulated,nwaydissemination,Azure,Normal,1024,../../cloud_noise_data/azure_F72s_v2_short/2022_03_28_17_31_51,330.441877,16384
306,net,Simulated,nwaydissemination,Azure,Normal,1024,../../cloud_noise_data/azure_F72s_v2_short/2022_03_28_17_31_51,201.686213,16384
307,os+net,Simulated,nwaydissemination,Azure,Normal,1024,../../cloud_noise_data/azure_F72s_v2_short/2022_03_28_17_31_51,927.285307,16384
308,none,Simulated,pipelinedring,Azure,Normal,1024,../../cloud_noise_data/azure_F72s_v2_short/2022_03_28_17_31_51,2704.69632,16384
309,os,Simulated,pipelinedring,Azure,Normal,1024,../../cloud_noise_data/azure_F72s_v2_short/2022_03_28_17_31_51,3469.080455,16384
310,net,Simulated,pipelinedring,Azure,Normal,1024,../../cloud_noise_data/azure_F72s_v2_short/2022_03_28_17_31_51,2886.588288,16384
311,os+net,Simulated,pipelinedring,Azure,Normal,1024,../../cloud_noise_data/azure_F72s_v2_short/2022_03_28_17_31_51,4058.536006,16384
312,os,Simulated,pipelinedring,Azure,Normal,1024,../../cloud_noise_data/azure_F72s_v2_short/2022_03_28_17_31_51,4051.582974,16384
313,net,Simulated,pipelinedring,Azure,Normal,1024,../../cloud_noise_data/azure_F72s_v2_short/2022_03_28_17_31_51,2894.095711,16384
314,os+net,Simulated,pipelinedring,Azure,Normal,1024,../../cloud_noise_data/azure_F72s_v2_short/2022_03_28_17_31_51,5221.376803,16384
315,none,Simulated,binomialtreebcast,Azure,Normal,1024,../../cloud_noise_data/azure_F72s_v2_short/2022_03_28_17_31_51,14622.57705,16777216
316,os,Simulated,binomialtreebcast,Azure,Normal,1024,../../cloud_noise_data/azure_F72s_v2_short/2022_03_28_17_31_51,14628.27047,16777216
317,net,Simulated,binomialtreebcast,Azure,Normal,1024,../../cloud_noise_data/azure_F72s_v2_short/2022_03_28_17_31_51,14796.948531,16777216
318,os+net,Simulated,binomialtreebcast,Azure,Normal,1024,../../cloud_noise_data/azure_F72s_v2_short/2022_03_28_17_31_51,14796.948531,16777216
319,os,Simulated,binomialtreebcast,Azure,Normal,1024,../../cloud_noise_data/azure_F72s_v2_short/2022_03_28_17_31_51,14632.25385,16777216
320,net,Simulated,binomialtreebcast,Azure,Normal,1024,../../cloud_noise_data/azure_F72s_v2_short/2022_03_28_17_31_51,15012.1173,16777216
321,os+net,Simulated,binomialtreebcast,Azure,Normal,1024,../../cloud_noise_data/azure_F72s_v2_short/2022_03_28_17_31_51,15012.1173,16777216
322,none,Simulated,nwaydissemination,Azure,Normal,1024,../../cloud_noise_data/azure_F72s_v2_short/2022_03_28_17_31_51,165617.52105,16777216
323,os,Simulated,nwaydissemination,Azure,Normal,1024,../../cloud_noise_data/azure_F72s_v2_short/2022_03_28_17_31_51,170566.267802,16777216
324,net,Simulated,nwaydissemination,Azure,Normal,1024,../../cloud_noise_data/azure_F72s_v2_short/2022_03_28_17_31_51,166328.57661,16777216
325,os+net,Simulated,nwaydissemination,Azure,Normal,1024,../../cloud_noise_data/azure_F72s_v2_short/2022_03_28_17_31_51,169498.205329,16777216
326,os,Simulated,nwaydissemination,Azure,Normal,1024,../../cloud_noise_data/azure_F72s_v2_short/2022_03_28_17_31_51,169885.929704,16777216
327,net,Simulated,nwaydissemination,Azure,Normal,1024,../../cloud_noise_data/azure_F72s_v2_short/2022_03_28_17_31_51,166246.493595,16777216
328,os+net,Simulated,nwaydissemination,Azure,Normal,1024,../../cloud_noise_data/azure_F72s_v2_short/2022_03_28_17_31_51,169401.769198,16777216
329,none,Simulated,pipelinedring,Azure,Normal,1024,../../cloud_noise_data/azure_F72s_v2_short/2022_03_28_17_31_51,4162.888704,16777216
330,os,Simulated,pipelinedring,Azure,Normal,1024,../../cloud_noise_data/azure_F72s_v2_short/2022_03_28_17_31_51,5954.237848,16777216
331,net,Simulated,pipelinedring,Azure,Normal,1024,../../cloud_noise_data/azure_F72s_v2_short/2022_03_28_17_31_51,4955.234603,16777216
332,os+net,Simulated,pipelinedring,Azure,Normal,1024,../../cloud_noise_data/azure_F72s_v2_short/2022_03_28_17_31_51,7371.671609,16777216
333,os,Simulated,pipelinedring,Azure,Normal,1024,../../cloud_noise_data/azure_F72s_v2_short/2022_03_28_17_31_51,5874.833828,16777216
334,net,Simulated,pipelinedring,Azure,Normal,1024,../../cloud_noise_data/azure_F72s_v2_short/2022_03_28_17_31_51,4977.043652,16777216
335,os+net,Simulated,pipelinedring,Azure,Normal,1024,../../cloud_noise_data/azure_F72s_v2_short/2022_03_28_17_31_51,6122.380574,16777216
336,none,Simulated,binomialtreebcast,GCP,HPC,256,../../cloud_noise_data/gcp_c2-standard-60_cluster/2022_03_28_22_00_00,16546.1264,16777216
337,os,Simulated,binomialtreebcast,GCP,HPC,256,../../cloud_noise_data/gcp_c2-standard-60_cluster/2022_03_28_22_00_00,16546.1264,16777216
338,net,Simulated,binomialtreebcast,GCP,HPC,256,../../cloud_noise_data/gcp_c2-standard-60_cluster/2022_03_28_22_00_00,17431.517795,16777216
339,os+net,Simulated,binomialtreebcast,GCP,HPC,256,../../cloud_noise_data/gcp_c2-standard-60_cluster/2022_03_28_22_00_00,17896.552981,16777216
340,os,Simulated,binomialtreebcast,GCP,HPC,256,../../cloud_noise_data/gcp_c2-standard-60_cluster/2022_03_28_22_00_00,16546.1264,16777216
341,net,Simulated,binomialtreebcast,GCP,HPC,256,../../cloud_noise_data/gcp_c2-standard-60_cluster/2022_03_28_22_00_00,17301.850281,16777216
342,os+net,Simulated,binomialtreebcast,GCP,HPC,256,../../cloud_noise_data/gcp_c2-standard-60_cluster/2022_03_28_22_00_00,17325.031645,16777216
343,none,Simulated,nwaydissemination,GCP,HPC,256,../../cloud_noise_data/gcp_c2-standard-60_cluster/2022_03_28_22_00_00,133986.6384,16777216
344,os,Simulated,nwaydissemination,GCP,HPC,256,../../cloud_noise_data/gcp_c2-standard-60_cluster/2022_03_28_22_00_00,134808.97052,16777216
345,net,Simulated,nwaydissemination,GCP,HPC,256,../../cloud_noise_data/gcp_c2-standard-60_cluster/2022_03_28_22_00_00,135844.063632,16777216
346,os+net,Simulated,nwaydissemination,GCP,HPC,256,../../cloud_noise_data/gcp_c2-standard-60_cluster/2022_03_28_22_00_00,135742.307755,16777216
347,os,Simulated,nwaydissemination,GCP,HPC,256,../../cloud_noise_data/gcp_c2-standard-60_cluster/2022_03_28_22_00_00,144161.442175,16777216
348,net,Simulated,nwaydissemination,GCP,HPC,256,../../cloud_noise_data/gcp_c2-standard-60_cluster/2022_03_28_22_00_00,135942.987714,16777216
349,os+net,Simulated,nwaydissemination,GCP,HPC,256,../../cloud_noise_data/gcp_c2-standard-60_cluster/2022_03_28_22_00_00,145226.168318,16777216
350,none,Simulated,pipelinedring,GCP,HPC,256,../../cloud_noise_data/gcp_c2-standard-60_cluster/2022_03_28_22_00_00,16093.2352,16777216
351,os,Simulated,pipelinedring,GCP,HPC,256,../../cloud_noise_data/gcp_c2-standard-60_cluster/2022_03_28_22_00_00,16191.365179,16777216
352,net,Simulated,pipelinedring,GCP,HPC,256,../../cloud_noise_data/gcp_c2-standard-60_cluster/2022_03_28_22_00_00,16427.409709,16777216
353,os+net,Simulated,pipelinedring,GCP,HPC,256,../../cloud_noise_data/gcp_c2-standard-60_cluster/2022_03_28_22_00_00,16481.490884,16777216
354,os,Simulated,pipelinedring,GCP,HPC,256,../../cloud_noise_data/gcp_c2-standard-60_cluster/2022_03_28_22_00_00,16345.911026,16777216
355,net,Simulated,pipelinedring,GCP,HPC,256,../../cloud_noise_data/gcp_c2-standard-60_cluster/2022_03_28_22_00_00,16426.117449,16777216
356,os+net,Simulated,pipelinedring,GCP,HPC,256,../../cloud_noise_data/gcp_c2-standard-60_cluster/2022_03_28_22_00_00,16436.796055,16777216
357,none,Simulated,binomialtreebcast,GCP,HPC,1024,../../cloud_noise_data/gcp_c2-standard-60_cluster/2022_03_28_22_00_00,20682.658,16777216
358,os,Simulated,binomialtreebcast,GCP,HPC,1024,../../cloud_noise_data/gcp_c2-standard-60_cluster/2022_03_28_22_00_00,20682.658,16777216
359,net,Simulated,binomialtreebcast,GCP,HPC,1024,../../cloud_noise_data/gcp_c2-standard-60_cluster/2022_03_28_22_00_00,21469.735727,16777216
360,os+net,Simulated,binomialtreebcast,GCP,HPC,1024,../../cloud_noise_data/gcp_c2-standard-60_cluster/2022_03_28_22_00_00,22406.679656,16777216
361,os,Simulated,binomialtreebcast,GCP,HPC,1024,../../cloud_noise_data/gcp_c2-standard-60_cluster/2022_03_28_22_00_00,20682.658,16777216
362,net,Simulated,binomialtreebcast,GCP,HPC,1024,../../cloud_noise_data/gcp_c2-standard-60_cluster/2022_03_28_22_00_00,21965.923413,16777216
363,os+net,Simulated,binomialtreebcast,GCP,HPC,1024,../../cloud_noise_data/gcp_c2-standard-60_cluster/2022_03_28_22_00_00,21553.636899,16777216
364,none,Simulated,nwaydissemination,GCP,HPC,1024,../../cloud_noise_data/gcp_c2-standard-60_cluster/2022_03_28_22_00_00,171677.602,16777216
365,os,Simulated,nwaydissemination,GCP,HPC,1024,../../cloud_noise_data/gcp_c2-standard-60_cluster/2022_03_28_22_00_00,173818.02591,16777216
366,net,Simulated,nwaydissemination,GCP,HPC,1024,../../cloud_noise_data/gcp_c2-standard-60_cluster/2022_03_28_22_00_00,173790.854215,16777216
367,os+net,Simulated,nwaydissemination,GCP,HPC,1024,../../cloud_noise_data/gcp_c2-standard-60_cluster/2022_03_28_22_00_00,185945.63949,16777216
368,os,Simulated,nwaydissemination,GCP,HPC,1024,../../cloud_noise_data/gcp_c2-standard-60_cluster/2022_03_28_22_00_00,193986.772081,16777216
369,net,Simulated,nwaydissemination,GCP,HPC,1024,../../cloud_noise_data/gcp_c2-standard-60_cluster/2022_03_28_22_00_00,173986.623628,16777216
370,os+net,Simulated,nwaydissemination,GCP,HPC,1024,../../cloud_noise_data/gcp_c2-standard-60_cluster/2022_03_28_22_00_00,177473.07255,16777216
371,none,Simulated,pipelinedring,GCP,HPC,1024,../../cloud_noise_data/gcp_c2-standard-60_cluster/2022_03_28_22_00_00,58333.14304,16777216
372,os,Simulated,pipelinedring,GCP,HPC,1024,../../cloud_noise_data/gcp_c2-standard-60_cluster/2022_03_28_22_00_00,59931.775409,16777216
373,net,Simulated,pipelinedring,GCP,HPC,1024,../../cloud_noise_data/gcp_c2-standard-60_cluster/2022_03_28_22_00_00,59260.199912,16777216
374,os+net,Simulated,pipelinedring,GCP,HPC,1024,../../cloud_noise_data/gcp_c2-standard-60_cluster/2022_03_28_22_00_00,59641.704268,16777216
375,os,Simulated,pipelinedring,GCP,HPC,1024,../../cloud_noise_data/gcp_c2-standard-60_cluster/2022_03_28_22_00_00,58559.889726,16777216
376,net,Simulated,pipelinedring,GCP,HPC,1024,../../cloud_noise_data/gcp_c2-standard-60_cluster/2022_03_28_22_00_00,59272.063701,16777216
377,os+net,Simulated,pipelinedring,GCP,HPC,1024,../../cloud_noise_data/gcp_c2-standard-60_cluster/2022_03_28_22_00_00,59236.685945,16777216
378,none,Simulated,binomialtreebcast,GCP,Normal,256,../../cloud_noise_data/gcp_c2-standard-60_colloc_notier-nogvnic/2022_03_31_09_52_47,16546.1264,16777216
379,os,Simulated,binomialtreebcast,GCP,Normal,256,../../cloud_noise_data/gcp_c2-standard-60_colloc_notier-nogvnic/2022_03_31_09_52_47,16546.1264,16777216
380,net,Simulated,binomialtreebcast,GCP,Normal,256,../../cloud_noise_data/gcp_c2-standard-60_colloc_notier-nogvnic/2022_03_31_09_52_47,16947.208717,16777216
381,os+net,Simulated,binomialtreebcast,GCP,Normal,256,../../cloud_noise_data/gcp_c2-standard-60_colloc_notier-nogvnic/2022_03_31_09_52_47,17328.010397,16777216
382,os,Simulated,binomialtreebcast,GCP,Normal,256,../../cloud_noise_data/gcp_c2-standard-60_colloc_notier-nogvnic/2022_03_31_09_52_47,16546.1264,16777216
383,net,Simulated,binomialtreebcast,GCP,Normal,256,../../cloud_noise_data/gcp_c2-standard-60_colloc_notier-nogvnic/2022_03_31_09_52_47,17247.634006,16777216
384,os+net,Simulated,binomialtreebcast,GCP,Normal,256,../../cloud_noise_data/gcp_c2-standard-60_colloc_notier-nogvnic/2022_03_31_09_52_47,17557.50702,16777216
385,none,Simulated,nwaydissemination,GCP,Normal,256,../../cloud_noise_data/gcp_c2-standard-60_colloc_notier-nogvnic/2022_03_31_09_52_47,133986.6384,16777216
386,os,Simulated,nwaydissemination,GCP,Normal,256,../../cloud_noise_data/gcp_c2-standard-60_colloc_notier-nogvnic/2022_03_31_09_52_47,134793.86454,16777216
387,net,Simulated,nwaydissemination,GCP,Normal,256,../../cloud_noise_data/gcp_c2-standard-60_colloc_notier-nogvnic/2022_03_31_09_52_47,135370.174976,16777216
388,os+net,Simulated,nwaydissemination,GCP,Normal,256,../../cloud_noise_data/gcp_c2-standard-60_colloc_notier-nogvnic/2022_03_31_09_52_47,136349.251147,16777216
389,os,Simulated,nwaydissemination,GCP,Normal,256,../../cloud_noise_data/gcp_c2-standard-60_colloc_notier-nogvnic/2022_03_31_09_52_47,134890.41735,16777216
390,net,Simulated,nwaydissemination,GCP,Normal,256,../../cloud_noise_data/gcp_c2-standard-60_colloc_notier-nogvnic/2022_03_31_09_52_47,135395.804866,16777216
391,os+net,Simulated,nwaydissemination,GCP,Normal,256,../../cloud_noise_data/gcp_c2-standard-60_colloc_notier-nogvnic/2022_03_31_09_52_47,135787.580184,16777216
392,none,Simulated,pipelinedring,GCP,Normal,256,../../cloud_noise_data/gcp_c2-standard-60_colloc_notier-nogvnic/2022_03_31_09_52_47,16093.2352,16777216
393,os,Simulated,pipelinedring,GCP,Normal,256,../../cloud_noise_data/gcp_c2-standard-60_colloc_notier-nogvnic/2022_03_31_09_52_47,16164.80065,16777216
394,net,Simulated,pipelinedring,GCP,Normal,256,../../cloud_noise_data/gcp_c2-standard-60_colloc_notier-nogvnic/2022_03_31_09_52_47,17017.330252,16777216
395,os+net,Simulated,pipelinedring,GCP,Normal,256,../../cloud_noise_data/gcp_c2-standard-60_colloc_notier-nogvnic/2022_03_31_09_52_47,17596.196971,16777216
396,os,Simulated,pipelinedring,GCP,Normal,256,../../cloud_noise_data/gcp_c2-standard-60_colloc_notier-nogvnic/2022_03_31_09_52_47,16225.992524,16777216
397,net,Simulated,pipelinedring,GCP,Normal,256,../../cloud_noise_data/gcp_c2-standard-60_colloc_notier-nogvnic/2022_03_31_09_52_47,17273.467884,16777216
398,os+net,Simulated,pipelinedring,GCP,Normal,256,../../cloud_noise_data/gcp_c2-standard-60_colloc_notier-nogvnic/2022_03_31_09_52_47,17519.16483,16777216
399,none,Simulated,binomialtreebcast,GCP,Normal,1024,../../cloud_noise_data/gcp_c2-standard-60_colloc_notier-nogvnic/2022_03_31_09_52_47,20682.658,16777216
400,os,Simulated,binomialtreebcast,GCP,Normal,1024,../../cloud_noise_data/gcp_c2-standard-60_colloc_notier-nogvnic/2022_03_31_09_52_47,20682.658,16777216
401,net,Simulated,binomialtreebcast,GCP,Normal,1024,../../cloud_noise_data/gcp_c2-standard-60_colloc_notier-nogvnic/2022_03_31_09_52_47,21701.579644,16777216
402,os+net,Simulated,binomialtreebcast,GCP,Normal,1024,../../cloud_noise_data/gcp_c2-standard-60_colloc_notier-nogvnic/2022_03_31_09_52_47,21747.126415,16777216
403,os,Simulated,binomialtreebcast,GCP,Normal,1024,../../cloud_noise_data/gcp_c2-standard-60_colloc_notier-nogvnic/2022_03_31_09_52_47,20690.7644,16777216
404,net,Simulated,binomialtreebcast,GCP,Normal,1024,../../cloud_noise_data/gcp_c2-standard-60_colloc_notier-nogvnic/2022_03_31_09_52_47,22238.410745,16777216
405,os+net,Simulated,binomialtreebcast,GCP,Normal,1024,../../cloud_noise_data/gcp_c2-standard-60_colloc_notier-nogvnic/2022_03_31_09_52_47,21231.362769,16777216
406,none,Simulated,nwaydissemination,GCP,Normal,1024,../../cloud_noise_data/gcp_c2-standard-60_colloc_notier-nogvnic/2022_03_31_09_52_47,171677.602,16777216
407,os,Simulated,nwaydissemination,GCP,Normal,1024,../../cloud_noise_data/gcp_c2-standard-60_colloc_notier-nogvnic/2022_03_31_09_52_47,172792.92962,16777216
408,net,Simulated,nwaydissemination,GCP,Normal,1024,../../cloud_noise_data/gcp_c2-standard-60_colloc_notier-nogvnic/2022_03_31_09_52_47,174519.553121,16777216
409,os+net,Simulated,nwaydissemination,GCP,Normal,1024,../../cloud_noise_data/gcp_c2-standard-60_colloc_notier-nogvnic/2022_03_31_09_52_47,174569.817254,16777216
410,os,Simulated,nwaydissemination,GCP,Normal,1024,../../cloud_noise_data/gcp_c2-standard-60_colloc_notier-nogvnic/2022_03_31_09_52_47,172825.27995,16777216
411,net,Simulated,nwaydissemination,GCP,Normal,1024,../../cloud_noise_data/gcp_c2-standard-60_colloc_notier-nogvnic/2022_03_31_09_52_47,173547.601517,16777216
412,os+net,Simulated,nwaydissemination,GCP,Normal,1024,../../cloud_noise_data/gcp_c2-standard-60_colloc_notier-nogvnic/2022_03_31_09_52_47,174206.040218,16777216
413,none,Simulated,pipelinedring,GCP,Normal,1024,../../cloud_noise_data/gcp_c2-standard-60_colloc_notier-nogvnic/2022_03_31_09_52_47,58333.14304,16777216
414,os,Simulated,pipelinedring,GCP,Normal,1024,../../cloud_noise_data/gcp_c2-standard-60_colloc_notier-nogvnic/2022_03_31_09_52_47,58574.915744,16777216
415,net,Simulated,pipelinedring,GCP,Normal,1024,../../cloud_noise_data/gcp_c2-standard-60_colloc_notier-nogvnic/2022_03_31_09_52_47,60634.491255,16777216
416,os+net,Simulated,pipelinedring,GCP,Normal,1024,../../cloud_noise_data/gcp_c2-standard-60_colloc_notier-nogvnic/2022_03_31_09_52_47,61243.073927,16777216
417,os,Simulated,pipelinedring,GCP,Normal,1024,../../cloud_noise_data/gcp_c2-standard-60_colloc_notier-nogvnic/2022_03_31_09_52_47,58579.635171,16777216
418,net,Simulated,pipelinedring,GCP,Normal,1024,../../cloud_noise_data/gcp_c2-standard-60_colloc_notier-nogvnic/2022_03_31_09_52_47,60538.039125,16777216
419,os+net,Simulated,pipelinedring,GCP,Normal,1024,../../cloud_noise_data/gcp_c2-standard-60_colloc_notier-nogvnic/2022_03_31_09_52_47,61528.421962,16777216
420,none,Simulated,binomialtreebcast,Daint,HPC (Metal),256,../../cloud_noise_data/daint_mc_rush_hour_same_slot_default/2022_03_30_18_14_05,14803.1492,16777216
421,os,Simulated,binomialtreebcast,Daint,HPC (Metal),256,../../cloud_noise_data/daint_mc_rush_hour_same_slot_default/2022_03_30_18_14_05,14803.1492,16777216
422,net,Simulated,binomialtreebcast,Daint,HPC (Metal),256,../../cloud_noise_data/daint_mc_rush_hour_same_slot_default/2022_03_30_18_14_05,14795.512558,16777216
423,os+net,Simulated,binomialtreebcast,Daint,HPC (Metal),256,../../cloud_noise_data/daint_mc_rush_hour_same_slot_default/2022_03_30_18_14_05,14795.512558,16777216
424,os,Simulated,binomialtreebcast,Daint,HPC (Metal),256,../../cloud_noise_data/daint_mc_rush_hour_same_slot_default/2022_03_30_18_14_05,14803.1492,16777216
425,net,Simulated,binomialtreebcast,Daint,HPC (Metal),256,../../cloud_noise_data/daint_mc_rush_hour_same_slot_default/2022_03_30_18_14_05,14795.512558,16777216
426,os+net,Simulated,binomialtreebcast,Daint,HPC (Metal),256,../../cloud_noise_data/daint_mc_rush_hour_same_slot_default/2022_03_30_18_14_05,15476.32662,16777216
427,none,Simulated,nwaydissemination,Daint,HPC (Metal),256,../../cloud_noise_data/daint_mc_rush_hour_same_slot_default/2022_03_30_18_14_05,132243.6612,16777216
428,os,Simulated,nwaydissemination,Daint,HPC (Metal),256,../../cloud_noise_data/daint_mc_rush_hour_same_slot_default/2022_03_30_18_14_05,138666.914191,16777216
429,net,Simulated,nwaydissemination,Daint,HPC (Metal),256,../../cloud_noise_data/daint_mc_rush_hour_same_slot_default/2022_03_30_18_14_05,133078.3333,16777216
430,os+net,Simulated,nwaydissemination,Daint,HPC (Metal),256,../../cloud_noise_data/daint_mc_rush_hour_same_slot_default/2022_03_30_18_14_05,140407.647632,16777216
431,os,Simulated,nwaydissemination,Daint,HPC (Metal),256,../../cloud_noise_data/daint_mc_rush_hour_same_slot_default/2022_03_30_18_14_05,139382.453762,16777216
432,net,Simulated,nwaydissemination,Daint,HPC (Metal),256,../../cloud_noise_data/daint_mc_rush_hour_same_slot_default/2022_03_30_18_14_05,133073.986372,16777216
433,os+net,Simulated,nwaydissemination,Daint,HPC (Metal),256,../../cloud_noise_data/daint_mc_rush_hour_same_slot_default/2022_03_30_18_14_05,138350.876728,16777216
434,none,Simulated,pipelinedring,Daint,HPC (Metal),256,../../cloud_noise_data/daint_mc_rush_hour_same_slot_default/2022_03_30_18_14_05,3099.8656,16777216
435,os,Simulated,pipelinedring,Daint,HPC (Metal),256,../../cloud_noise_data/daint_mc_rush_hour_same_slot_default/2022_03_30_18_14_05,3447.068341,16777216
436,net,Simulated,pipelinedring,Daint,HPC (Metal),256,../../cloud_noise_data/daint_mc_rush_hour_same_slot_default/2022_03_30_18_14_05,3395.634502,16777216
437,os+net,Simulated,pipelinedring,Daint,HPC (Metal),256,../../cloud_noise_data/daint_mc_rush_hour_same_slot_default/2022_03_30_18_14_05,3678.341953,16777216
438,os,Simulated,pipelinedring,Daint,HPC (Metal),256,../../cloud_noise_data/daint_mc_rush_hour_same_slot_default/2022_03_30_18_14_05,3430.658052,16777216
439,net,Simulated,pipelinedring,Daint,HPC (Metal),256,../../cloud_noise_data/daint_mc_rush_hour_same_slot_default/2022_03_30_18_14_05,3372.972394,16777216
440,os+net,Simulated,pipelinedring,Daint,HPC (Metal),256,../../cloud_noise_data/daint_mc_rush_hour_same_slot_default/2022_03_30_18_14_05,3620.884174,16777216
441,none,Simulated,binomialtreebcast,Daint,HPC (Metal),1024,../../cloud_noise_data/daint_mc_rush_hour_same_slot_default/2022_03_30_18_14_05,18503.9365,16777216
442,os,Simulated,binomialtreebcast,Daint,HPC (Metal),1024,../../cloud_noise_data/daint_mc_rush_hour_same_slot_default/2022_03_30_18_14_05,18518.8691,16777216
443,net,Simulated,binomialtreebcast,Daint,HPC (Metal),1024,../../cloud_noise_data/daint_mc_rush_hour_same_slot_default/2022_03_30_18_14_05,18836.115697,16777216
444,os+net,Simulated,binomialtreebcast,Daint,HPC (Metal),1024,../../cloud_noise_data/daint_mc_rush_hour_same_slot_default/2022_03_30_18_14_05,18836.115697,16777216
445,os,Simulated,binomialtreebcast,Daint,HPC (Metal),1024,../../cloud_noise_data/daint_mc_rush_hour_same_slot_default/2022_03_30_18_14_05,18506.517175,16777216
446,net,Simulated,binomialtreebcast,Daint,HPC (Metal),1024,../../cloud_noise_data/daint_mc_rush_hour_same_slot_default/2022_03_30_18_14_05,18855.458401,16777216
447,os+net,Simulated,binomialtreebcast,Daint,HPC (Metal),1024,../../cloud_noise_data/daint_mc_rush_hour_same_slot_default/2022_03_30_18_14_05,18855.458401,16777216
448,none,Simulated,nwaydissemination,Daint,HPC (Metal),1024,../../cloud_noise_data/daint_mc_rush_hour_same_slot_default/2022_03_30_18_14_05,169498.8805,16777216
449,os,Simulated,nwaydissemination,Daint,HPC (Metal),1024,../../cloud_noise_data/daint_mc_rush_hour_same_slot_default/2022_03_30_18_14_05,180100.083775,16777216
450,net,Simulated,nwaydissemination,Daint,HPC (Metal),1024,../../cloud_noise_data/daint_mc_rush_hour_same_slot_default/2022_03_30_18_14_05,170419.723724,16777216
451,os+net,Simulated,nwaydissemination,Daint,HPC (Metal),1024,../../cloud_noise_data/daint_mc_rush_hour_same_slot_default/2022_03_30_18_14_05,180553.252222,16777216
452,os,Simulated,nwaydissemination,Daint,HPC (Metal),1024,../../cloud_noise_data/daint_mc_rush_hour_same_slot_default/2022_03_30_18_14_05,180980.717362,16777216
453,net,Simulated,nwaydissemination,Daint,HPC (Metal),1024,../../cloud_noise_data/daint_mc_rush_hour_same_slot_default/2022_03_30_18_14_05,170804.151233,16777216
454,os+net,Simulated,nwaydissemination,Daint,HPC (Metal),1024,../../cloud_noise_data/daint_mc_rush_hour_same_slot_default/2022_03_30_18_14_05,180619.956907,16777216
455,none,Simulated,pipelinedring,Daint,HPC (Metal),1024,../../cloud_noise_data/daint_mc_rush_hour_same_slot_default/2022_03_30_18_14_05,6862.98112,16777216
456,os,Simulated,pipelinedring,Daint,HPC (Metal),1024,../../cloud_noise_data/daint_mc_rush_hour_same_slot_default/2022_03_30_18_14_05,8326.889065,16777216
457,net,Simulated,pipelinedring,Daint,HPC (Metal),1024,../../cloud_noise_data/daint_mc_rush_hour_same_slot_default/2022_03_30_18_14_05,8779.06111,16777216
458,os+net,Simulated,pipelinedring,Daint,HPC (Metal),1024,../../cloud_noise_data/daint_mc_rush_hour_same_slot_default/2022_03_30_18_14_05,9119.840525,16777216
459,os,Simulated,pipelinedring,Daint,HPC (Metal),1024,../../cloud_noise_data/daint_mc_rush_hour_same_slot_default/2022_03_30_18_14_05,8343.101807,16777216
460,net,Simulated,pipelinedring,Daint,HPC (Metal),1024,../../cloud_noise_data/daint_mc_rush_hour_same_slot_default/2022_03_30_18_14_05,8714.633453,16777216
461,os+net,Simulated,pipelinedring,Daint,HPC (Metal),1024,../../cloud_noise_data/daint_mc_rush_hour_same_slot_default/2022_03_30_18_14_05,9196.017184,16777216
